{"data_loader": {"statics": [], "chunk_size": 20, "n_hist": 0, "n_fut": 0, "n_repeat": 0, "batch_size": 20, "seed": 1, "p_hflip": 0.0, "p_vflip": 0.0, "val_size": 0.2, "test_size": 0.05, "test_mode": "sequential_coupled", "normalize": false, "save_fno_data": false, "dir_store_ml_data": "data/processed/temp/qgturb/fno-pure-ml-sol/", "split_style": "random_snippets"}, "model": {"depth": 3, "n_features": 1, "n_channels": 20, "n_modes": [64, 64], "use_bnorm": false, "dtype": "float32", "means_x": [1.24206201e-17], "means_y": [1.24206201e-17], "stdevs_x": [4.52782422], "stdevs_y": [4.52782422], "type": "fno-pure-ml-sol", "model_dims": 2, "seed": 1}, "optimizer": {"lr": 0.01, "step_size": 15, "gamma": 0.5}, "meta": {}, "n_epochs": 19, "loss": {"training": [0.009532286634979148, 0.0020729891546846678, 0.0015634104545849065, 0.0009876559380985175, 0.0015625321544551602, 0.0006392373909281257, 0.001483067170115343, 0.0003809948997028793, 0.0006819308967484782, 0.0006235506324834811, 0.0012347164864186196, 0.0008326383135087477, 0.0004415214506055539, 0.00065044584889741, 0.0006057391097419895, 0.0001340256478773275, 0.00015942066302523017, 0.0001837589007045608, 0.00018409988660520563], "validation": [0.001271706408879254, 0.0005868636629020329, 0.0005609937457484193, 0.0010612853232305497, 0.0018427147885086016, 0.00045025569634162823, 0.00030442977920756674, 0.0003745077719213441, 0.00041553169416147284, 0.002508939274121076, 0.0050062517845071855, 0.0005106904884451069, 0.0005162557687435765, 0.002078533812891692, 0.0011270441248780116, 0.0001219525497435825, 0.00021893571451073513, 0.00028314477189269384, 0.00016096710769488709]}}