{"data_loader": {"statics": [], "chunk_size": 20, "n_hist": 0, "n_fut": 0, "n_repeat": 0, "batch_size": 20, "seed": 1, "p_hflip": 0.0, "p_vflip": 0.0, "val_size": 0.2, "test_size": 0.05, "test_mode": "sequential_coupled", "normalize": false, "save_fno_data": false, "dir_store_ml_data": "data/processed/temp/qgturb/mno/", "split_style": "random_snippets"}, "model": {"depth": 3, "n_features": 1, "n_channels": 20, "n_modes": [64, 64], "use_bnorm": false, "dtype": "float32", "means_x": [1.55785107e-17], "means_y": [-1.31405303e-20], "stdevs_x": [4.3043041], "stdevs_y": [7.40722329], "type": "mno", "model_dims": 2, "seed": 1}, "optimizer": {"lr": 0.01, "step_size": 15, "gamma": 0.5}, "meta": {}, "n_epochs": 19, "loss": {"training": [0.4560935236811638, 0.28771786286433537, 0.22884078900019328, 0.1838329496582349, 0.159947727282842, 0.1495714076757431, 0.13735502044359843, 0.1276483591198921, 0.12138765477140745, 0.11226865268747012, 0.1034134196738402, 0.09915288834273815, 0.10159068879981836, 0.10095340014497439, 0.09512181769808134, 0.07844666637480259, 0.05982218885421753, 0.05272068704664707, 0.048728540470202766], "validation": [0.33117727175354955, 0.28931202717125415, 0.2723000666499138, 0.2643110214173794, 0.2794199524819851, 0.25732325881719587, 0.2621492186933756, 0.24054308831691742, 0.2482946401834488, 0.24542032726109028, 0.22636895708739757, 0.22780630823224782, 0.23873058646917344, 0.22377354245632886, 0.21702096212655306, 0.20066610094159842, 0.19969767447561027, 0.19674366399645804, 0.19527644231915475]}}